rep;cov;sim;kr;MR1;MR2;MR3;MR4;MR5
[[[0.0, 0.0, 0.0, 0.9, 0.9, 0.0, 0.0, 0.0, 0.0, 0.0], [0.0, 0.0, 0.0, 0.0, 0.0, 0.0, 0.0, 0.93, 0.93, 0.0], [0.0, 0.0, 0.0, 0.0, 0.0, -0.01, -0.01, 0.0, 0.0, 0.0]], [[0.0, 0.0, 0.0, 0.0, 0.0, 0.05, 0.05, 0.0, 0.0, 0.0], [0.0, 0.0, 2.0, 0.0, 0.0, 0.0, 0.0, 0.0, 0.0, 0.0], [-1.5, -1.5, 0.0, 0.0, 0.0, 0.0, 0.0, 0.0, 0.0, 0.0]], [[0.0, 0.0, 0.0, 0.98, 0.98, 0.0, 0.0, 0.0, 0.0, 0.0], [0.0, 0.0, 1.0, 0.0, 0.0, 0.0, 0.0, 0.0, 0.0, 0.0], [0.0, 0.0, 0.0, 0.0, 0.0, 0.0, 0.0, 0.0, 0.0, 1.2]], [[0.0, 0.0, -10.0, 0.0, 0.0, 0.0, 0.0, 0.0, 0.0, 0.0], [0.0, 0.0, 0.0, 1.1, 1.1, 0.0, 0.0, 0.0, 0.0, 0.0], [1.6, 1.6, 0.0, 0.0, 0.0, 0.0, 0.0, 0.0, 0.0, 0.0]], [[0.0, 0.0, 0.0, 0.95, 0.95, 0.0, 0.0, 0.0, 0.0, 0.0], [0.0, 0.0, 0.0, 0.0, 0.0, -0.06, -0.06, 0.0, 0.0, 0.0], [0.0, 0.0, 9.0, 0.0, 0.0, 0.0, 0.0, 0.0, 0.0, 0.0]]];0.8246268656716418;0.8740179933665008;0.8295;[0.5526666666666666, 0.9085];[0.23283333333333334, 0.724];[0.946, 0.9943333333333333];[0.11733333333333333, 0.601];[0.8315, 0.9778333333333333]
[[[0.0, 0.0, 0.0, 1.02, 1.02, 0.0, 0.0, 0.0, 0.0, 0.0], [0.0, 0.0, 0.0, 0.0, 0.0, 0.05, 0.05, 0.0, 0.0, 0.0], [0.0, 0.0, 0.0, 0.0, 0.0, 0.0, 0.0, 0.0, 0.0, 2.0]], [[0.0, 0.0, 0.0, 0.95, 0.95, 0.0, 0.0, 0.0, 0.0, 0.0], [0.6, 0.6, 0.0, 0.0, 0.0, 0.0, 0.0, 0.0, 0.0, 0.0], [0.0, 0.0, 8.0, 0.0, 0.0, 0.0, 0.0, 0.0, 0.0, 0.0]], [[-0.8, -0.8, 0.0, 0.0, 0.0, 0.0, 0.0, 0.0, 0.0, 0.0], [0.0, 0.0, 0.0, 1.03, 1.03, 0.0, 0.0, 0.0, 0.0, 0.0], [0.0, 0.0, 0.0, 0.0, 0.0, 0.04, 0.04, 0.0, 0.0, 0.0]], [[0.0, 0.0, 0.0, 1.02, 1.02, 0.0, 0.0, 0.0, 0.0, 0.0], [0.0, 0.0, -6.0, 0.0, 0.0, 0.0, 0.0, 0.0, 0.0, 0.0], [0.0, 0.0, 0.0, 0.0, 0.0, 0.0, 0.0, 0.67, 0.67, 0.0]], [[0.0, 0.0, 0.0, 1.09, 1.09, 0.0, 0.0, 0.0, 0.0, 0.0], [0.0, 0.0, 5.0, 0.0, 0.0, 0.0, 0.0, 0.0, 0.0, 0.0], [0.0, 0.0, 0.0, 0.0, 0.0, 0.07, 0.07, 0.0, 0.0, 0.0]]];0.8097014925373134;0.9546811774461028;0.07133333333333333;[0.8835, 0.9865];[0.8795, 0.9838333333333333];[0.779, 0.96];[0.9023333333333333, 0.9865];[0.8868333333333334, 0.9863333333333333]
[[[0.0, 0.0, 1.0, 0.0, 0.0, 0.0, 0.0, 0.0, 0.0, 0.0], [-1.0, -1.0, 0.0, 0.0, 0.0, 0.0, 0.0, 0.0, 0.0, 0.0], [0.0, 0.0, 0.0, 0.0, 0.0, 0.0, 0.0, 0.0, 0.0, 1.3]], [[0.0, 0.0, 0.0, 0.0, 0.0, 0.0, 0.0, 0.0, 0.0, 1.2], [0.0, 0.0, 0.0, 0.0, 0.0, 0.03, 0.03, 0.0, 0.0, 0.0], [0.0, 0.0, 0.0, 0.0, 0.0, 0.0, 0.0, 0.22, 0.22, 0.0]], [[0.0, 0.0, 0.0, 0.95, 0.95, 0.0, 0.0, 0.0, 0.0, 0.0], [0.0, 0.0, -6.0, 0.0, 0.0, 0.0, 0.0, 0.0, 0.0, 0.0], [0.0, 0.0, 0.0, 0.0, 0.0, 0.06, 0.06, 0.0, 0.0, 0.0]], [[0.0, 0.0, 0.0, 0.0, 0.0, 0.0, 0.0, 0.41, 0.41, 0.0], [0.0, 0.0, 0.0, 0.0, 0.0, 0.08, 0.08, 0.0, 0.0, 0.0], [0.8, 0.8, 0.0, 0.0, 0.0, 0.0, 0.0, 0.0, 0.0, 0.0]], [[0.0, 0.0, 0.0, 0.0, 0.0, -0.03, -0.03, 0.0, 0.0, 0.0], [0.0, 0.0, 0.0, 0.0, 0.0, 0.0, 0.0, 0.0, 0.0, 1.8], [0.0, 0.0, 0.0, 0.0, 0.0, 0.0, 0.0, 0.1, 0.1, 0.0]]];0.8134328358208955;0.9484676202321725;0.193;[0.8831666666666667, 0.9841666666666666];[0.9316666666666666, 0.991];[0.44183333333333336, 0.8458333333333333];[0.9296666666666666, 0.9916666666666667];[0.9295, 0.9913333333333333]
[[[-1.6, -1.6, 0.0, 0.0, 0.0, 0.0, 0.0, 0.0, 0.0, 0.0], [0.0, 0.0, 0.0, 0.0, 0.0, 0.02, 0.02, 0.0, 0.0, 0.0], [0.0, 0.0, 0.0, 1.01, 1.01, 0.0, 0.0, 0.0, 0.0, 0.0]], [[0.0, 0.0, 0.0, 1.06, 1.06, 0.0, 0.0, 0.0, 0.0, 0.0], [-0.1, -0.1, 0.0, 0.0, 0.0, 0.0, 0.0, 0.0, 0.0, 0.0], [0.0, 0.0, 4.0, 0.0, 0.0, 0.0, 0.0, 0.0, 0.0, 0.0]], [[0.0, 0.0, 0.0, 0.0, 0.0, 0.0, 0.0, 0.0, 0.0, 1.6], [0.0, 0.0, 0.0, 0.0, 0.0, -0.04, -0.04, 0.0, 0.0, 0.0], [0.0, 0.0, 0.0, 1.0, 1.0, 0.0, 0.0, 0.0, 0.0, 0.0]], [[0.0, 0.0, 0.0, 0.0, 0.0, 0.0, 0.0, 0.0, 0.0, 1.4], [0.0, 0.0, -2.0, 0.0, 0.0, 0.0, 0.0, 0.0, 0.0, 0.0], [0.0, 0.0, 0.0, 0.0, 0.0, 0.06, 0.06, 0.0, 0.0, 0.0]], [[-0.2, -0.2, 0.0, 0.0, 0.0, 0.0, 0.0, 0.0, 0.0, 0.0], [0.0, 0.0, 0.0, 0.0, 0.0, 0.0, 0.0, 0.26, 0.26, 0.0], [0.0, 0.0, 0.0, 0.95, 0.95, 0.0, 0.0, 0.0, 0.0, 0.0]]];0.8059701492537313;0.938354975124378;0.17416666666666666;[0.5398333333333334, 0.9001666666666667];[0.8581666666666666, 0.9821666666666666];[0.9025, 0.9901666666666666];[0.8766666666666667, 0.9845];[0.8673333333333333, 0.9815]
[[[0.0, 0.0, -1.0, 0.0, 0.0, 0.0, 0.0, 0.0, 0.0, 0.0], [0.0, 0.0, 0.0, 0.0, 0.0, 0.0, 0.0, 0.0, 0.0, 1.4], [0.0, 0.0, 0.0, 1.01, 1.01, 0.0, 0.0, 0.0, 0.0, 0.0]], [[0.0, 0.0, 0.0, 0.0, 0.0, 0.0, 0.0, 0.15, 0.15, 0.0], [0.0, 0.0, -4.0, 0.0, 0.0, 0.0, 0.0, 0.0, 0.0, 0.0], [0.0, 0.0, 0.0, 0.0, 0.0, 0.07, 0.07, 0.0, 0.0, 0.0]], [[0.0, 0.0, 0.0, 0.0, 0.0, 0.0, 0.0, 0.36, 0.36, 0.0], [1.9, 1.9, 0.0, 0.0, 0.0, 0.0, 0.0, 0.0, 0.0, 0.0], [0.0, 0.0, 0.0, 0.0, 0.0, -0.09, -0.09, 0.0, 0.0, 0.0]], [[0.0, 0.0, 0.0, 0.0, 0.0, 0.0, 0.0, 0.5, 0.5, 0.0], [0.0, 0.0, 0.0, 0.0, 0.0, 0.0, 0.0, 0.0, 0.0, 1.9], [0.0, 0.0, 0.0, 0.99, 0.99, 0.0, 0.0, 0.0, 0.0, 0.0]], [[0.0, 0.0, 0.0, 0.0, 0.0, -0.05, -0.05, 0.0, 0.0, 0.0], [0.0, 0.0, 4.0, 0.0, 0.0, 0.0, 0.0, 0.0, 0.0, 0.0], [0.0, 0.0, 0.0, 0.0, 0.0, 0.0, 0.0, 0.0, 0.0, 1.3]]];0.8283582089552238;0.9093921227197348;0.6975;[0.951, 0.9943333333333333];[0.8431666666666666, 0.9785];[0.12516666666666668, 0.609];[0.946, 0.9948333333333333];[0.8593333333333333, 0.9803333333333333]
[[[0.0, 0.0, 0.0, 0.0, 0.0, 0.0, 0.0, 0.0, 0.0, 1.8], [-0.5, -0.5, 0.0, 0.0, 0.0, 0.0, 0.0, 0.0, 0.0, 0.0], [0.0, 0.0, -8.0, 0.0, 0.0, 0.0, 0.0, 0.0, 0.0, 0.0]], [[0.0, 0.0, 0.0, 0.0, 0.0, 0.0, 0.0, 1.39, 1.39, 0.0], [-1.9, -1.9, 0.0, 0.0, 0.0, 0.0, 0.0, 0.0, 0.0, 0.0], [0.0, 0.0, 0.0, 0.0, 0.0, 0.07, 0.07, 0.0, 0.0, 0.0]], [[0.0, 0.0, 0.0, 0.0, 0.0, 0.0, 0.0, 0.0, 0.0, 1.8], [0.3, 0.3, 0.0, 0.0, 0.0, 0.0, 0.0, 0.0, 0.0, 0.0], [0.0, 0.0, 0.0, 0.0, 0.0, 0.0, 0.0, 0.4, 0.4, 0.0]], [[-1.2, -1.2, 0.0, 0.0, 0.0, 0.0, 0.0, 0.0, 0.0, 0.0], [0.0, 0.0, 0.0, 0.0, 0.0, 0.0, 0.0, 0.0, 0.0, 1.4], [0.0, 0.0, 4.0, 0.0, 0.0, 0.0, 0.0, 0.0, 0.0, 0.0]], [[0.0, 0.0, 0.0, 0.0, 0.0, 0.0, 0.0, 0.34, 0.34, 0.0], [0.0, 0.0, 0.0, 0.92, 0.92, 0.0, 0.0, 0.0, 0.0, 0.0], [0.0, 0.0, 7.0, 0.0, 0.0, 0.0, 0.0, 0.0, 0.0, 0.0]]];0.8283582089552238;0.9261912106135987;0.4295;[0.79, 0.9658333333333333];[0.1245, 0.5668333333333333];[0.9481666666666667, 0.995];[0.8538333333333333, 0.9793333333333333];[0.7505, 0.9605]
[[[0.0, 0.0, 0.0, 0.0, 0.0, -0.03, -0.03, 0.0, 0.0, 0.0], [0.5, 0.5, 0.0, 0.0, 0.0, 0.0, 0.0, 0.0, 0.0, 0.0], [0.0, 0.0, -7.0, 0.0, 0.0, 0.0, 0.0, 0.0, 0.0, 0.0]], [[0.0, 0.0, 0.0, 0.0, 0.0, -0.07, -0.07, 0.0, 0.0, 0.0], [0.0, 0.0, 0.0, 0.94, 0.94, 0.0, 0.0, 0.0, 0.0, 0.0], [0.0, 0.0, 0.0, 0.0, 0.0, 0.0, 0.0, 0.0, 0.0, 1.4]], [[-1.2, -1.2, 0.0, 0.0, 0.0, 0.0, 0.0, 0.0, 0.0, 0.0], [0.0, 0.0, 0.0, 0.0, 0.0, 0.0, 0.0, 0.19, 0.19, 0.0], [0.0, 0.0, 0.0, 0.0, 0.0, 0.0, 0.0, 0.0, 0.0, 1.9]], [[0.0, 0.0, 0.0, 0.0, 0.0, 0.0, 0.0, 0.91, 0.91, 0.0], [0.0, 0.0, 0.0, 1.03, 1.03, 0.0, 0.0, 0.0, 0.0, 0.0], [0.0, 0.0, 0.0, 0.0, 0.0, 0.07, 0.07, 0.0, 0.0, 0.0]], [[0.0, 0.0, 0.0, 0.0, 0.0, 0.03, 0.03, 0.0, 0.0, 0.0], [0.0, 0.0, 0.0, 0.95, 0.95, 0.0, 0.0, 0.0, 0.0, 0.0], [-0.9, -0.9, 0.0, 0.0, 0.0, 0.0, 0.0, 0.0, 0.0, 0.0]]];0.8097014925373134;0.9406097844112771;0.23916666666666667;[0.8811666666666667, 0.9858333333333333];[0.9136666666666666, 0.9916666666666667];[0.8786666666666667, 0.9835];[0.8161666666666667, 0.9728333333333333];[0.3963333333333333, 0.8305]
[[[0.0, 0.0, 9.0, 0.0, 0.0, 0.0, 0.0, 0.0, 0.0, 0.0], [0.0, 0.0, 0.0, 0.0, 0.0, 0.0, 0.0, 0.0, 0.0, 1.8], [0.0, 0.0, 0.0, 0.0, 0.0, 0.0, 0.0, 1.38, 1.38, 0.0]], [[0.0, 0.0, 0.0, 0.97, 0.97, 0.0, 0.0, 0.0, 0.0, 0.0], [0.0, 0.0, 4.0, 0.0, 0.0, 0.0, 0.0, 0.0, 0.0, 0.0], [0.0, 0.0, 0.0, 0.0, 0.0, 0.0, 0.0, 0.0, 0.0, 1.3]], [[0.0, 0.0, 0.0, 0.0, 0.0, -0.05, -0.05, 0.0, 0.0, 0.0], [0.0, 0.0, 0.0, 0.0, 0.0, 0.0, 0.0, 0.76, 0.76, 0.0], [0.0, 0.0, 0.0, 1.01, 1.01, 0.0, 0.0, 0.0, 0.0, 0.0]], [[0.0, 0.0, 0.0, 1.0, 1.0, 0.0, 0.0, 0.0, 0.0, 0.0], [0.0, 0.0, 0.0, 0.0, 0.0, 0.09, 0.09, 0.0, 0.0, 0.0], [0.0, 0.0, -3.0, 0.0, 0.0, 0.0, 0.0, 0.0, 0.0, 0.0]], [[-1.5, -1.5, 0.0, 0.0, 0.0, 0.0, 0.0, 0.0, 0.0, 0.0], [0.0, 0.0, -7.0, 0.0, 0.0, 0.0, 0.0, 0.0, 0.0, 0.0], [0.0, 0.0, 0.0, 0.0, 0.0, 0.0, 0.0, 0.55, 0.55, 0.0]]];0.8134328358208955;0.9342571724709785;0.2345;[0.8965, 0.9875];[0.8913333333333333, 0.9863333333333333];[0.8236666666666667, 0.9733333333333334];[0.785, 0.966];[0.3995, 0.838]
[[[0.0, 0.0, 0.0, 0.0, 0.0, 0.0, 0.0, 0.0, 0.0, 1.5], [0.0, 0.0, 0.0, 0.0, 0.0, 0.01, 0.01, 0.0, 0.0, 0.0], [0.0, 0.0, 0.0, 0.0, 0.0, 0.0, 0.0, 1.34, 1.34, 0.0]], [[-1.1, -1.1, 0.0, 0.0, 0.0, 0.0, 0.0, 0.0, 0.0, 0.0], [0.0, 0.0, 0.0, 0.0, 0.0, 0.0, 0.0, 0.0, 0.0, 1.5], [0.0, 0.0, 0.0, 0.0, 0.0, 0.01, 0.01, 0.0, 0.0, 0.0]], [[0.0, 0.0, -5.0, 0.0, 0.0, 0.0, 0.0, 0.0, 0.0, 0.0], [0.0, 0.0, 0.0, 0.0, 0.0, -0.06, -0.06, 0.0, 0.0, 0.0], [0.0, 0.0, 0.0, 1.01, 1.01, 0.0, 0.0, 0.0, 0.0, 0.0]], [[0.0, 0.0, 0.0, 0.0, 0.0, 0.0, 0.0, 0.75, 0.75, 0.0], [0.0, 0.0, 0.0, 0.0, 0.0, 0.0, 0.0, 0.0, 0.0, 1.4], [0.0, 0.0, 0.0, 1.01, 1.01, 0.0, 0.0, 0.0, 0.0, 0.0]], [[0.0, 0.0, 0.0, 0.0, 0.0, -0.09, -0.09, 0.0, 0.0, 0.0], [0.0, 0.0, 0.0, 0.0, 0.0, 0.0, 0.0, 0.0, 0.0, 1.7], [0.0, 0.0, 3.0, 0.0, 0.0, 0.0, 0.0, 0.0, 0.0, 0.0]]];0.7947761194029851;0.9568191542288557;0.07366666666666667;[0.9298333333333333, 0.9938333333333333];[0.881, 0.9841666666666666];[0.8658333333333333, 0.9816666666666667];[0.9408333333333333, 0.9955];[0.8126666666666666, 0.9738333333333333]
[[[0.0, 0.0, 8.0, 0.0, 0.0, 0.0, 0.0, 0.0, 0.0, 0.0], [0.6, 0.6, 0.0, 0.0, 0.0, 0.0, 0.0, 0.0, 0.0, 0.0], [0.0, 0.0, 0.0, 0.0, 0.0, 0.0, 0.0, 0.0, 0.0, 1.3]], [[0.0, 0.0, 0.0, 0.0, 0.0, 0.0, 0.0, 0.0, 0.0, 1.4], [0.0, 0.0, 0.0, 0.0, 0.0, -0.01, -0.01, 0.0, 0.0, 0.0], [0.0, 0.0, 5.0, 0.0, 0.0, 0.0, 0.0, 0.0, 0.0, 0.0]], [[0.0, 0.0, 0.0, 0.0, 0.0, 0.05, 0.05, 0.0, 0.0, 0.0], [0.0, 0.0, 0.0, 0.98, 0.98, 0.0, 0.0, 0.0, 0.0, 0.0], [0.0, 0.0, 0.0, 0.0, 0.0, 0.0, 0.0, 0.96, 0.96, 0.0]], [[0.0, 0.0, -8.0, 0.0, 0.0, 0.0, 0.0, 0.0, 0.0, 0.0], [0.0, 0.0, 0.0, 1.01, 1.01, 0.0, 0.0, 0.0, 0.0, 0.0], [0.0, 0.0, 0.0, 0.0, 0.0, -0.07, -0.07, 0.0, 0.0, 0.0]], [[0.0, 0.0, 0.0, 0.0, 0.0, 0.05, 0.05, 0.0, 0.0, 0.0], [0.0, 0.0, 0.0, 0.0, 0.0, 0.0, 0.0, 0.81, 0.81, 0.0], [0.9, 0.9, 0.0, 0.0, 0.0, 0.0, 0.0, 0.0, 0.0, 0.0]]];0.7985074626865671;0.9526140547263682;0.08283333333333333;[0.8523333333333334, 0.9788333333333333];[0.9211666666666667, 0.9908333333333333];[0.7775, 0.9636666666666667];[0.764, 0.9676666666666667];[0.8748333333333334, 0.9855]
[[[0.0, 0.0, 0.0, 0.0, 0.0, 0.0, 0.0, 0.74, 0.74, 0.0], [0.0, 0.0, 0.0, 0.0, 0.0, 0.0, 0.0, 0.0, 0.0, 2.0], [0.0, 0.0, 0.0, 1.03, 1.03, 0.0, 0.0, 0.0, 0.0, 0.0]], [[0.0, 0.0, 4.0, 0.0, 0.0, 0.0, 0.0, 0.0, 0.0, 0.0], [0.0, 0.0, 0.0, 0.0, 0.0, 0.0, 0.0, 0.0, 0.0, 1.6], [0.0, 0.0, 0.0, 1.05, 1.05, 0.0, 0.0, 0.0, 0.0, 0.0]], [[0.0, 0.0, 0.0, 0.0, 0.0, 0.0, 0.0, 0.0, 0.0, 1.1], [0.0, 0.0, 0.0, 0.91, 0.91, 0.0, 0.0, 0.0, 0.0, 0.0], [0.0, 0.0, -8.0, 0.0, 0.0, 0.0, 0.0, 0.0, 0.0, 0.0]], [[0.0, 0.0, 0.0, 0.0, 0.0, 0.0, 0.0, 0.0, 0.0, 1.6], [0.0, 0.0, 8.0, 0.0, 0.0, 0.0, 0.0, 0.0, 0.0, 0.0], [0.0, 0.0, 0.0, 0.0, 0.0, 0.04, 0.04, 0.0, 0.0, 0.0]], [[0.0, 0.0, -3.0, 0.0, 0.0, 0.0, 0.0, 0.0, 0.0, 0.0], [-0.7, -0.7, 0.0, 0.0, 0.0, 0.0, 0.0, 0.0, 0.0, 0.0], [0.0, 0.0, 0.0, 0.0, 0.0, -0.07, -0.07, 0.0, 0.0, 0.0]]];0.8059701492537313;0.9480262852404644;0.15366666666666667;[0.9208333333333333, 0.9915];[0.8775, 0.9843333333333333];[0.6058333333333333, 0.9345];[0.8351666666666666, 0.9711666666666666];[0.9256666666666666, 0.9918333333333333]
[[[0.0, 0.0, -5.0, 0.0, 0.0, 0.0, 0.0, 0.0, 0.0, 0.0], [0.0, 0.0, 0.0, 0.0, 0.0, 0.01, 0.01, 0.0, 0.0, 0.0], [0.0, 0.0, 0.0, 0.0, 0.0, 0.0, 0.0, 0.0, 0.0, 1.5]], [[0.0, 0.0, 0.0, 0.0, 0.0, 0.07, 0.07, 0.0, 0.0, 0.0], [0.0, 0.0, 0.0, 0.0, 0.0, 0.0, 0.0, 0.0, 0.0, 1.8], [0.0, 0.0, 0.0, 1.02, 1.02, 0.0, 0.0, 0.0, 0.0, 0.0]], [[0.0, 0.0, 0.0, 0.0, 0.0, -0.0, -0.0, 0.0, 0.0, 0.0], [1.5, 1.5, 0.0, 0.0, 0.0, 0.0, 0.0, 0.0, 0.0, 0.0], [0.0, 0.0, 0.0, 0.91, 0.91, 0.0, 0.0, 0.0, 0.0, 0.0]], [[0.0, 0.0, 0.0, 0.96, 0.96, 0.0, 0.0, 0.0, 0.0, 0.0], [0.0, 0.0, 0.0, 0.0, 0.0, 0.0, 0.0, 0.0, 0.0, 1.9], [-1.4, -1.4, 0.0, 0.0, 0.0, 0.0, 0.0, 0.0, 0.0, 0.0]], [[0.0, 0.0, 0.0, 1.04, 1.04, 0.0, 0.0, 0.0, 0.0, 0.0], [0.6, 0.6, 0.0, 0.0, 0.0, 0.0, 0.0, 0.0, 0.0, 0.0], [0.0, 0.0, 0.0, 0.0, 0.0, 0.0, 0.0, 1.49, 1.49, 0.0]]];0.8059701492537313;0.9380212686567163;0.18166666666666667;[0.9321666666666667, 0.992];[0.8695, 0.98];[0.9063333333333333, 0.9886666666666667];[0.6388333333333334, 0.9321666666666667];[0.5675, 0.8971666666666667]
[[[-1.0, -1.0, 0.0, 0.0, 0.0, 0.0, 0.0, 0.0, 0.0, 0.0], [0.0, 0.0, 0.0, 0.0, 0.0, -0.07, -0.07, 0.0, 0.0, 0.0], [0.0, 0.0, 0.0, 0.0, 0.0, 0.0, 0.0, 0.93, 0.93, 0.0]], [[-0.1, -0.1, 0.0, 0.0, 0.0, 0.0, 0.0, 0.0, 0.0, 0.0], [0.0, 0.0, -2.0, 0.0, 0.0, 0.0, 0.0, 0.0, 0.0, 0.0], [0.0, 0.0, 0.0, 1.07, 1.07, 0.0, 0.0, 0.0, 0.0, 0.0]], [[0.0, 0.0, 3.0, 0.0, 0.0, 0.0, 0.0, 0.0, 0.0, 0.0], [0.0, 0.0, 0.0, 0.0, 0.0, 0.0, 0.0, 1.38, 1.38, 0.0], [0.0, 0.0, 0.0, 0.0, 0.0, -0.07, -0.07, 0.0, 0.0, 0.0]], [[-1.2, -1.2, 0.0, 0.0, 0.0, 0.0, 0.0, 0.0, 0.0, 0.0], [0.0, 0.0, 0.0, 1.03, 1.03, 0.0, 0.0, 0.0, 0.0, 0.0], [0.0, 0.0, 2.0, 0.0, 0.0, 0.0, 0.0, 0.0, 0.0, 0.0]], [[0.0, 0.0, 0.0, 0.0, 0.0, 0.0, 0.0, 0.28, 0.28, 0.0], [0.0, 0.0, 0.0, 0.0, 0.0, 0.05, 0.05, 0.0, 0.0, 0.0], [0.7, 0.7, 0.0, 0.0, 0.0, 0.0, 0.0, 0.0, 0.0, 0.0]]];0.8097014925373134;0.9596654228855722;0.05333333333333334;[0.879, 0.9838333333333333];[0.8683333333333333, 0.9843333333333333];[0.7345, 0.9548333333333333];[0.912, 0.989];[0.9281666666666667, 0.9921666666666666]
[[[0.0, 0.0, 0.0, 0.0, 0.0, 0.0, 0.0, 0.41, 0.41, 0.0], [0.0, 0.0, 0.0, 0.97, 0.97, 0.0, 0.0, 0.0, 0.0, 0.0], [0.0, 0.0, 0.0, 0.0, 0.0, 0.0, 0.0, 0.0, 0.0, 1.4]], [[0.0, 0.0, 0.0, 0.0, 0.0, 0.0, 0.0, 0.0, 0.0, 1.9], [0.0, 0.0, 0.0, 0.0, 0.0, -0.09, -0.09, 0.0, 0.0, 0.0], [0.0, 0.0, 0.0, 0.0, 0.0, 0.0, 0.0, 1.19, 1.19, 0.0]], [[0.0, 0.0, 0.0, 1.04, 1.04, 0.0, 0.0, 0.0, 0.0, 0.0], [0.0, 0.0, 5.0, 0.0, 0.0, 0.0, 0.0, 0.0, 0.0, 0.0], [0.0, 0.0, 0.0, 0.0, 0.0, 0.0, 0.0, 0.91, 0.91, 0.0]], [[0.0, 0.0, -5.0, 0.0, 0.0, 0.0, 0.0, 0.0, 0.0, 0.0], [1.7, 1.7, 0.0, 0.0, 0.0, 0.0, 0.0, 0.0, 0.0, 0.0], [0.0, 0.0, 0.0, 0.0, 0.0, 0.0, 0.0, 1.43, 1.43, 0.0]], [[0.0, 0.0, 0.0, 0.92, 0.92, 0.0, 0.0, 0.0, 0.0, 0.0], [0.0, 0.0, 0.0, 0.0, 0.0, 0.0, 0.0, 1.4, 1.4, 0.0], [0.0, 0.0, 0.0, 0.0, 0.0, 0.09, 0.09, 0.0, 0.0, 0.0]]];0.8171641791044776;0.9138039386401324;0.36183333333333334;[0.9228333333333333, 0.9913333333333333];[0.8063333333333333, 0.973];[0.8136666666666666, 0.9708333333333333];[0.37316666666666665, 0.7978333333333333];[0.1825, 0.6461666666666667]
[[[0.0, 0.0, 0.0, 0.0, 0.0, 0.0, 0.0, 0.0, 0.0, 1.6], [0.0, 0.0, 0.0, 0.95, 0.95, 0.0, 0.0, 0.0, 0.0, 0.0], [1.0, 1.0, 0.0, 0.0, 0.0, 0.0, 0.0, 0.0, 0.0, 0.0]], [[0.0, 0.0, 0.0, 0.0, 0.0, -0.08, -0.08, 0.0, 0.0, 0.0], [0.0, 0.0, 0.0, 0.0, 0.0, 0.0, 0.0, 0.39, 0.39, 0.0], [0.0, 0.0, 7.0, 0.0, 0.0, 0.0, 0.0, 0.0, 0.0, 0.0]], [[-1.8, -1.8, 0.0, 0.0, 0.0, 0.0, 0.0, 0.0, 0.0, 0.0], [0.0, 0.0, 0.0, 0.0, 0.0, -0.02, -0.02, 0.0, 0.0, 0.0], [0.0, 0.0, -10.0, 0.0, 0.0, 0.0, 0.0, 0.0, 0.0, 0.0]], [[0.0, 0.0, 0.0, 0.0, 0.0, 0.0, 0.0, 0.35, 0.35, 0.0], [0.4, 0.4, 0.0, 0.0, 0.0, 0.0, 0.0, 0.0, 0.0, 0.0], [0.0, 0.0, 0.0, 0.0, 0.0, -0.02, -0.02, 0.0, 0.0, 0.0]], [[0.0, 0.0, 0.0, 0.0, 0.0, 0.0, 0.0, 0.43, 0.43, 0.0], [0.0, 0.0, 0.0, 0.96, 0.96, 0.0, 0.0, 0.0, 0.0, 0.0], [0.0, 0.0, -7.0, 0.0, 0.0, 0.0, 0.0, 0.0, 0.0, 0.0]]];0.7985074626865671;0.9340826699834162;0.3035;[0.926, 0.9935];[0.7858333333333334, 0.9646666666666667];[0.3863333333333333, 0.8435];[0.9488333333333333, 0.9945];[0.8218333333333333, 0.9723333333333334]
[[[0.0, 0.0, 0.0, 0.0, 0.0, 0.0, 0.0, 0.0, 0.0, 1.3], [-1.0, -1.0, 0.0, 0.0, 0.0, 0.0, 0.0, 0.0, 0.0, 0.0], [0.0, 0.0, -7.0, 0.0, 0.0, 0.0, 0.0, 0.0, 0.0, 0.0]], [[0.0, 0.0, 0.0, 0.0, 0.0, 0.03, 0.03, 0.0, 0.0, 0.0], [0.0, 0.0, 0.0, 1.06, 1.06, 0.0, 0.0, 0.0, 0.0, 0.0], [0.0, 0.0, 0.0, 0.0, 0.0, 0.0, 0.0, 1.01, 1.01, 0.0]], [[-1.2, -1.2, 0.0, 0.0, 0.0, 0.0, 0.0, 0.0, 0.0, 0.0], [0.0, 0.0, 0.0, 0.0, 0.0, 0.0, 0.0, 0.51, 0.51, 0.0], [0.0, 0.0, 10.0, 0.0, 0.0, 0.0, 0.0, 0.0, 0.0, 0.0]], [[0.0, 0.0, -9.0, 0.0, 0.0, 0.0, 0.0, 0.0, 0.0, 0.0], [0.0, 0.0, 0.0, 0.0, 0.0, 0.01, 0.01, 0.0, 0.0, 0.0], [0.0, 0.0, 0.0, 0.0, 0.0, 0.0, 0.0, 1.06, 1.06, 0.0]], [[0.0, 0.0, 0.0, 0.0, 0.0, 0.08, 0.08, 0.0, 0.0, 0.0], [0.0, 0.0, 0.0, 0.0, 0.0, 0.0, 0.0, 0.0, 0.0, 1.1], [0.0, 0.0, 1.0, 0.0, 0.0, 0.0, 0.0, 0.0, 0.0, 0.0]]];0.8097014925373134;0.9501374792703151;0.07833333333333334;[0.8138333333333333, 0.9686666666666667];[0.7866666666666666, 0.9695];[0.8073333333333333, 0.967];[0.8401666666666666, 0.9778333333333333];[0.8461666666666666, 0.9738333333333333]
[[[0.0, 0.0, 0.0, 1.01, 1.01, 0.0, 0.0, 0.0, 0.0, 0.0], [0.0, 0.0, 0.0, 0.0, 0.0, 0.06, 0.06, 0.0, 0.0, 0.0], [0.0, 0.0, -6.0, 0.0, 0.0, 0.0, 0.0, 0.0, 0.0, 0.0]], [[0.0, 0.0, 0.0, 1.07, 1.07, 0.0, 0.0, 0.0, 0.0, 0.0], [0.0, 0.0, -4.0, 0.0, 0.0, 0.0, 0.0, 0.0, 0.0, 0.0], [0.0, 0.0, 0.0, 0.0, 0.0, 0.0, 0.0, 0.73, 0.73, 0.0]], [[0.0, 0.0, -2.0, 0.0, 0.0, 0.0, 0.0, 0.0, 0.0, 0.0], [1.9, 1.9, 0.0, 0.0, 0.0, 0.0, 0.0, 0.0, 0.0, 0.0], [0.0, 0.0, 0.0, 0.95, 0.95, 0.0, 0.0, 0.0, 0.0, 0.0]], [[0.0, 0.0, 0.0, 1.07, 1.07, 0.0, 0.0, 0.0, 0.0, 0.0], [0.0, 0.0, 0.0, 0.0, 0.0, 0.0, 0.0, 0.0, 0.0, 1.8], [0.0, 0.0, 0.0, 0.0, 0.0, 0.0, 0.0, 0.92, 0.92, 0.0]], [[0.0, 0.0, 1.0, 0.0, 0.0, 0.0, 0.0, 0.0, 0.0, 0.0], [0.0, 0.0, 0.0, 0.0, 0.0, 0.0, 0.0, 0.39, 0.39, 0.0], [0.0, 0.0, 0.0, 1.07, 1.07, 0.0, 0.0, 0.0, 0.0, 0.0]]];0.8134328358208955;0.9524548922056385;0.08083333333333333;[0.7978333333333333, 0.9715];[0.8045, 0.9705];[0.8563333333333333, 0.981];[0.8576666666666667, 0.9835];[0.8645, 0.9838333333333333]
[[[0.0, 0.0, 0.0, 0.0, 0.0, -0.07, -0.07, 0.0, 0.0, 0.0], [0.0, 0.0, 0.0, 1.08, 1.08, 0.0, 0.0, 0.0, 0.0, 0.0], [0.0, 0.0, 0.0, 0.0, 0.0, 0.0, 0.0, 0.64, 0.64, 0.0]], [[0.0, 0.0, -1.0, 0.0, 0.0, 0.0, 0.0, 0.0, 0.0, 0.0], [0.0, 0.0, 0.0, 0.0, 0.0, 0.06, 0.06, 0.0, 0.0, 0.0], [0.0, 0.0, 0.0, 0.0, 0.0, 0.0, 0.0, 0.0, 0.0, 2.0]], [[0.0, 0.0, -7.0, 0.0, 0.0, 0.0, 0.0, 0.0, 0.0, 0.0], [0.0, 0.0, 0.0, 0.0, 0.0, 0.0, 0.0, 0.9, 0.9, 0.0], [0.0, 0.0, 0.0, 0.0, 0.0, 0.0, 0.0, 0.0, 0.0, 1.9]], [[0.0, 0.0, 0.0, 0.9, 0.9, 0.0, 0.0, 0.0, 0.0, 0.0], [0.0, 0.0, 0.0, 0.0, 0.0, 0.0, 0.0, 0.98, 0.98, 0.0], [0.0, 0.0, 0.0, 0.0, 0.0, 0.06, 0.06, 0.0, 0.0, 0.0]], [[0.0, 0.0, 0.0, 1.02, 1.02, 0.0, 0.0, 0.0, 0.0, 0.0], [0.0, 0.0, 0.0, 0.0, 0.0, 0.0, 0.0, 0.0, 0.0, 1.3], [0.3, 0.3, 0.0, 0.0, 0.0, 0.0, 0.0, 0.0, 0.0, 0.0]]];0.8171641791044776;0.9154726368159205;0.4395;[0.36233333333333334, 0.8006666666666666];[0.8686666666666667, 0.9833333333333333];[0.9178333333333333, 0.989];[0.19483333333333333, 0.6871666666666667];[0.9503333333333334, 0.9953333333333333]
[[[0.0, 0.0, 0.0, 0.0, 0.0, 0.0, 0.0, 0.0, 0.0, 1.7], [-0.7, -0.7, 0.0, 0.0, 0.0, 0.0, 0.0, 0.0, 0.0, 0.0], [0.0, 0.0, 0.0, 0.0, 0.0, -0.1, -0.1, 0.0, 0.0, 0.0]], [[0.0, 0.0, 0.0, 1.02, 1.02, 0.0, 0.0, 0.0, 0.0, 0.0], [0.0, 0.0, -0.0, 0.0, 0.0, 0.0, 0.0, 0.0, 0.0, 0.0], [0.3, 0.3, 0.0, 0.0, 0.0, 0.0, 0.0, 0.0, 0.0, 0.0]], [[0.0, 0.0, 0.0, 0.0, 0.0, 0.06, 0.06, 0.0, 0.0, 0.0], [0.0, 0.0, 0.0, 0.0, 0.0, 0.0, 0.0, 0.81, 0.81, 0.0], [-1.0, -1.0, 0.0, 0.0, 0.0, 0.0, 0.0, 0.0, 0.0, 0.0]], [[0.0, 0.0, 0.0, 0.0, 0.0, 0.0, 0.0, 0.0, 0.0, 1.1], [0.0, 0.0, -2.0, 0.0, 0.0, 0.0, 0.0, 0.0, 0.0, 0.0], [0.0, 0.0, 0.0, 0.0, 0.0, 0.05, 0.05, 0.0, 0.0, 0.0]], [[0.0, 0.0, 0.0, 1.08, 1.08, 0.0, 0.0, 0.0, 0.0, 0.0], [0.0, 0.0, 5.0, 0.0, 0.0, 0.0, 0.0, 0.0, 0.0, 0.0], [0.0, 0.0, 0.0, 0.0, 0.0, -0.07, -0.07, 0.0, 0.0, 0.0]]];0.8208955223880597;0.9195734245439469;0.39116666666666666;[0.9195, 0.9911666666666666];[0.9495, 0.9955];[0.4116666666666667, 0.834];[0.8805, 0.9833333333333333];[0.3458333333333333, 0.7776666666666666]
[[[0.0, 0.0, 0.0, 0.0, 0.0, 0.0, 0.0, 0.94, 0.94, 0.0], [1.8, 1.8, 0.0, 0.0, 0.0, 0.0, 0.0, 0.0, 0.0, 0.0], [0.0, 0.0, 0.0, 1.03, 1.03, 0.0, 0.0, 0.0, 0.0, 0.0]], [[0.8, 0.8, 0.0, 0.0, 0.0, 0.0, 0.0, 0.0, 0.0, 0.0], [0.0, 0.0, 0.0, 0.0, 0.0, 0.0, 0.0, 1.18, 1.18, 0.0], [0.0, 0.0, 2.0, 0.0, 0.0, 0.0, 0.0, 0.0, 0.0, 0.0]], [[-1.9, -1.9, 0.0, 0.0, 0.0, 0.0, 0.0, 0.0, 0.0, 0.0], [0.0, 0.0, 4.0, 0.0, 0.0, 0.0, 0.0, 0.0, 0.0, 0.0], [0.0, 0.0, 0.0, 0.0, 0.0, -0.1, -0.1, 0.0, 0.0, 0.0]], [[0.0, 0.0, 0.0, 0.0, 0.0, 0.07, 0.07, 0.0, 0.0, 0.0], [1.1, 1.1, 0.0, 0.0, 0.0, 0.0, 0.0, 0.0, 0.0, 0.0], [0.0, 0.0, -3.0, 0.0, 0.0, 0.0, 0.0, 0.0, 0.0, 0.0]], [[0.0, 0.0, 0.0, 0.0, 0.0, 0.0, 0.0, 0.0, 0.0, 1.5], [0.0, 0.0, 0.0, 0.0, 0.0, 0.0, 0.0, 0.19, 0.19, 0.0], [0.0, 0.0, 0.0, 1.06, 1.06, 0.0, 0.0, 0.0, 0.0, 0.0]]];0.8134328358208955;0.9318663349917081;0.302;[0.2778333333333333, 0.7298333333333333];[0.8055, 0.9686666666666667];[0.8611666666666666, 0.981];[0.9226666666666666, 0.9918333333333333];[0.8911666666666667, 0.9868333333333333]
[[[0.0, 0.0, 0.0, 0.0, 0.0, 0.02, 0.02, 0.0, 0.0, 0.0], [0.0, 0.0, -3.0, 0.0, 0.0, 0.0, 0.0, 0.0, 0.0, 0.0], [0.0, 0.0, 0.0, 0.0, 0.0, 0.0, 0.0, 0.0, 0.0, 1.0]], [[0.0, 0.0, 0.0, 0.0, 0.0, 0.0, 0.0, 0.0, 0.0, 1.3], [0.0, 0.0, 0.0, 0.0, 0.0, 0.0, 0.0, 1.39, 1.39, 0.0], [0.0, 0.0, 0.0, 1.04, 1.04, 0.0, 0.0, 0.0, 0.0, 0.0]], [[0.5, 0.5, 0.0, 0.0, 0.0, 0.0, 0.0, 0.0, 0.0, 0.0], [0.0, 0.0, 1.0, 0.0, 0.0, 0.0, 0.0, 0.0, 0.0, 0.0], [0.0, 0.0, 0.0, 0.0, 0.0, 0.0, 0.0, 0.19, 0.19, 0.0]], [[0.0, 0.0, 0.0, 0.97, 0.97, 0.0, 0.0, 0.0, 0.0, 0.0], [1.3, 1.3, 0.0, 0.0, 0.0, 0.0, 0.0, 0.0, 0.0, 0.0], [0.0, 0.0, 0.0, 0.0, 0.0, -0.09, -0.09, 0.0, 0.0, 0.0]], [[0.0, 0.0, 0.0, 0.0, 0.0, -0.09, -0.09, 0.0, 0.0, 0.0], [0.0, 0.0, -0.0, 0.0, 0.0, 0.0, 0.0, 0.0, 0.0, 0.0], [0.0, 0.0, 0.0, 0.0, 0.0, 0.0, 0.0, 0.54, 0.54, 0.0]]];0.8134328358208955;0.9452341210613598;0.22383333333333333;[0.9425, 0.9948333333333333];[0.8863333333333333, 0.9843333333333333];[0.9496666666666667, 0.9948333333333333];[0.436, 0.8265];[0.7776666666666666, 0.9665]
[[[0.0, 0.0, 0.0, 0.0, 0.0, 0.0, 0.0, 0.0, 0.0, 1.5], [-0.1, -0.1, 0.0, 0.0, 0.0, 0.0, 0.0, 0.0, 0.0, 0.0], [0.0, 0.0, 0.0, 0.0, 0.0, 0.03, 0.03, 0.0, 0.0, 0.0]], [[0.0, 0.0, 0.0, 0.0, 0.0, 0.06, 0.06, 0.0, 0.0, 0.0], [0.0, 0.0, 2.0, 0.0, 0.0, 0.0, 0.0, 0.0, 0.0, 0.0], [0.0, 0.0, 0.0, 0.0, 0.0, 0.0, 0.0, 0.94, 0.94, 0.0]], [[0.0, 0.0, 0.0, 1.01, 1.01, 0.0, 0.0, 0.0, 0.0, 0.0], [0.0, 0.0, 9.0, 0.0, 0.0, 0.0, 0.0, 0.0, 0.0, 0.0], [0.0, 0.0, 0.0, 0.0, 0.0, 0.04, 0.04, 0.0, 0.0, 0.0]], [[0.0, 0.0, -7.0, 0.0, 0.0, 0.0, 0.0, 0.0, 0.0, 0.0], [0.0, 0.0, 0.0, 0.0, 0.0, 0.0, 0.0, 0.0, 0.0, 1.9], [0.0, 0.0, 0.0, 0.0, 0.0, 0.0, 0.0, 0.89, 0.89, 0.0]], [[0.0, 0.0, 0.0, 0.0, 0.0, 0.0, 0.0, 0.44, 0.44, 0.0], [0.0, 0.0, 7.0, 0.0, 0.0, 0.0, 0.0, 0.0, 0.0, 0.0], [0.0, 0.0, 0.0, 0.91, 0.91, 0.0, 0.0, 0.0, 0.0, 0.0]]];0.8059701492537313;0.9579485489220563;0.08016666666666666;[0.9296666666666666, 0.9901666666666666];[0.7838333333333334, 0.9641666666666666];[0.8173333333333334, 0.969];[0.9131666666666667, 0.99];[0.697, 0.9486666666666667]
[[[0.0, 0.0, -5.0, 0.0, 0.0, 0.0, 0.0, 0.0, 0.0, 0.0], [0.0, 0.0, 0.0, 0.0, 0.0, 0.02, 0.02, 0.0, 0.0, 0.0], [-1.5, -1.5, 0.0, 0.0, 0.0, 0.0, 0.0, 0.0, 0.0, 0.0]], [[0.0, 0.0, 0.0, 0.0, 0.0, 0.0, 0.0, 0.0, 0.0, 1.9], [0.0, 0.0, 0.0, 0.94, 0.94, 0.0, 0.0, 0.0, 0.0, 0.0], [0.0, 0.0, 6.0, 0.0, 0.0, 0.0, 0.0, 0.0, 0.0, 0.0]], [[0.0, 0.0, 0.0, 1.05, 1.05, 0.0, 0.0, 0.0, 0.0, 0.0], [0.0, 0.0, 0.0, 0.0, 0.0, 0.0, 0.0, 0.0, 0.0, 2.0], [0.0, 0.0, 0.0, 0.0, 0.0, 0.0, 0.0, 0.71, 0.71, 0.0]], [[0.0, 0.0, 0.0, 0.0, 0.0, 0.0, 0.0, 0.81, 0.81, 0.0], [0.0, 0.0, 0.0, 0.0, 0.0, 0.04, 0.04, 0.0, 0.0, 0.0], [0.0, 0.0, 0.0, 1.02, 1.02, 0.0, 0.0, 0.0, 0.0, 0.0]], [[0.0, 0.0, 0.0, 0.0, 0.0, -0.01, -0.01, 0.0, 0.0, 0.0], [0.0, 0.0, 0.0, 0.0, 0.0, 0.0, 0.0, 0.0, 0.0, 1.6], [0.0, 0.0, 0.0, 0.0, 0.0, 0.0, 0.0, 0.0, 0.0, 0.0]]];0.8022388059701493;0.9432935323383085;0.1835;[0.49566666666666664, 0.885];[0.8125, 0.9731666666666666];[0.8928333333333334, 0.9861666666666666];[0.8438333333333333, 0.9763333333333334];[0.9495, 0.9946666666666667]
[[[0.0, 0.0, 0.0, 0.0, 0.0, 0.0, 0.0, 0.45, 0.45, 0.0], [-0.9, -0.9, 0.0, 0.0, 0.0, 0.0, 0.0, 0.0, 0.0, 0.0], [0.0, 0.0, 0.0, 0.0, 0.0, 0.09, 0.09, 0.0, 0.0, 0.0]], [[0.0, 0.0, -0.0, 0.0, 0.0, 0.0, 0.0, 0.0, 0.0, 0.0], [0.0, 0.0, 0.0, 0.0, 0.0, 0.0, 0.0, 0.0, 0.0, 1.2], [0.0, 0.0, 0.0, 0.0, 0.0, -0.03, -0.03, 0.0, 0.0, 0.0]], [[0.0, 0.0, 0.0, 0.0, 0.0, 0.0, 0.0, 0.19, 0.19, 0.0], [0.0, 0.0, 0.0, 1.0, 1.0, 0.0, 0.0, 0.0, 0.0, 0.0], [0.0, 0.0, 0.0, 0.0, 0.0, -0.06, -0.06, 0.0, 0.0, 0.0]], [[0.0, 0.0, 0.0, 0.0, 0.0, 0.04, 0.04, 0.0, 0.0, 0.0], [0.1, 0.1, 0.0, 0.0, 0.0, 0.0, 0.0, 0.0, 0.0, 0.0], [0.0, 0.0, 0.0, 0.0, 0.0, 0.0, 0.0, 0.0, 0.0, 1.4]], [[0.0, 0.0, 0.0, 0.0, 0.0, 0.04, 0.04, 0.0, 0.0, 0.0], [0.0, 0.0, 0.0, 1.06, 1.06, 0.0, 0.0, 0.0, 0.0, 0.0], [-1.9, -1.9, 0.0, 0.0, 0.0, 0.0, 0.0, 0.0, 0.0, 0.0]]];0.8059701492537313;0.9296910862354894;0.22066666666666668;[0.408, 0.8333333333333334];[0.9331666666666667, 0.9926666666666667];[0.8681666666666666, 0.9856666666666667];[0.9018333333333334, 0.9881666666666666];[0.602, 0.911]
[[[-1.4, -1.4, 0.0, 0.0, 0.0, 0.0, 0.0, 0.0, 0.0, 0.0], [0.0, 0.0, 0.0, 1.06, 1.06, 0.0, 0.0, 0.0, 0.0, 0.0], [0.0, 0.0, 0.0, 0.0, 0.0, 0.0, 0.0, 0.67, 0.67, 0.0]], [[0.0, 0.0, 0.0, 0.96, 0.96, 0.0, 0.0, 0.0, 0.0, 0.0], [0.0, 0.0, 0.0, 0.0, 0.0, 0.0, 0.0, 0.0, 0.0, 1.5], [1.3, 1.3, 0.0, 0.0, 0.0, 0.0, 0.0, 0.0, 0.0, 0.0]], [[0.0, 0.0, 0.0, 0.0, 0.0, -0.03, -0.03, 0.0, 0.0, 0.0], [0.0, 0.0, 7.0, 0.0, 0.0, 0.0, 0.0, 0.0, 0.0, 0.0], [0.0, 0.0, 0.0, 0.0, 0.0, 0.0, 0.0, 0.4, 0.4, 0.0]], [[0.0, 0.0, -1.0, 0.0, 0.0, 0.0, 0.0, 0.0, 0.0, 0.0], [0.0, 0.0, 0.0, 0.0, 0.0, 0.0, 0.0, 0.84, 0.84, 0.0], [0.0, 0.0, 0.0, 0.0, 0.0, 0.0, 0.0, 0.0, 0.0, 1.7]], [[0.0, 0.0, -4.0, 0.0, 0.0, 0.0, 0.0, 0.0, 0.0, 0.0], [0.0, 0.0, 0.0, 0.0, 0.0, 0.06, 0.06, 0.0, 0.0, 0.0], [-0.2, -0.2, 0.0, 0.0, 0.0, 0.0, 0.0, 0.0, 0.0, 0.0]]];0.7985074626865671;0.9654653399668326;0.042666666666666665;[0.9173333333333333, 0.9885];[0.9125, 0.9905];[0.8871666666666667, 0.985];[0.9385, 0.9948333333333333];[0.8523333333333334, 0.979]
[[[0.0, 0.0, 0.0, 0.0, 0.0, 0.0, 0.0, 0.0, 0.0, 1.0], [0.0, 0.0, 0.0, 0.0, 0.0, 0.0, 0.0, 1.24, 1.24, 0.0], [0.0, 0.0, 0.0, 1.03, 1.03, 0.0, 0.0, 0.0, 0.0, 0.0]], [[0.0, 0.0, 0.0, 0.0, 0.0, 0.0, 0.0, 0.0, 0.0, 1.7], [1.9, 1.9, 0.0, 0.0, 0.0, 0.0, 0.0, 0.0, 0.0, 0.0], [0.0, 0.0, 0.0, 0.0, 0.0, -0.01, -0.01, 0.0, 0.0, 0.0]], [[0.0, 0.0, 0.0, 1.04, 1.04, 0.0, 0.0, 0.0, 0.0, 0.0], [1.1, 1.1, 0.0, 0.0, 0.0, 0.0, 0.0, 0.0, 0.0, 0.0], [0.0, 0.0, 0.0, 0.0, 0.0, 0.0, 0.0, 0.45, 0.45, 0.0]], [[0.0, 0.0, 0.0, 0.0, 0.0, 0.0, 0.0, 0.0, 0.0, 1.6], [-0.3, -0.3, 0.0, 0.0, 0.0, 0.0, 0.0, 0.0, 0.0, 0.0], [0.0, 0.0, 0.0, 0.0, 0.0, 0.0, 0.0, 0.14, 0.14, 0.0]], [[0.0, 0.0, 0.0, 0.0, 0.0, -0.08, -0.08, 0.0, 0.0, 0.0], [1.2, 1.2, 0.0, 0.0, 0.0, 0.0, 0.0, 0.0, 0.0, 0.0], [0.0, 0.0, 0.0, 0.0, 0.0, 0.0, 0.0, 0.84, 0.84, 0.0]]];0.8097014925373134;0.9349801824212274;0.201;[0.858, 0.9811666666666666];[0.5973333333333334, 0.918];[0.6866666666666666, 0.9383333333333334];[0.9491666666666667, 0.9956666666666667];[0.38116666666666665, 0.8013333333333333]
[[[0.0, 0.0, 0.0, 0.0, 0.0, 0.1, 0.1, 0.0, 0.0, 0.0], [0.0, 0.0, -9.0, 0.0, 0.0, 0.0, 0.0, 0.0, 0.0, 0.0], [0.0, 0.0, 0.0, 0.0, 0.0, 0.0, 0.0, 0.0, 0.0, 1.5]], [[0.0, 0.0, 0.0, 0.0, 0.0, 0.0, 0.0, 0.35, 0.35, 0.0], [0.0, 0.0, -7.0, 0.0, 0.0, 0.0, 0.0, 0.0, 0.0, 0.0], [-0.1, -0.1, 0.0, 0.0, 0.0, 0.0, 0.0, 0.0, 0.0, 0.0]], [[0.0, 0.0, 0.0, 0.0, 0.0, 0.0, 0.0, 0.32, 0.32, 0.0], [-0.9, -0.9, 0.0, 0.0, 0.0, 0.0, 0.0, 0.0, 0.0, 0.0], [0.0, 0.0, 0.0, 0.0, 0.0, 0.0, 0.0, 0.0, 0.0, 1.7]], [[0.0, 0.0, 0.0, 0.0, 0.0, 0.0, 0.0, 0.0, 0.0, 1.7], [-0.9, -0.9, 0.0, 0.0, 0.0, 0.0, 0.0, 0.0, 0.0, 0.0], [0.0, 0.0, 3.0, 0.0, 0.0, 0.0, 0.0, 0.0, 0.0, 0.0]], [[0.0, 0.0, 0.0, 0.0, 0.0, -0.0, -0.0, 0.0, 0.0, 0.0], [0.0, 0.0, 0.0, 0.0, 0.0, 0.0, 0.0, 0.0, 0.0, 1.6], [0.0, 0.0, 0.0, 0.0, 0.0, 0.0, 0.0, 0.92, 0.92, 0.0]]];0.8022388059701493;0.9556827529021559;0.11366666666666667;[0.6295, 0.9243333333333333];[0.9215, 0.9901666666666666];[0.8803333333333333, 0.9836666666666667];[0.8703333333333333, 0.9796666666666667];[0.9363333333333334, 0.9943333333333333]
[[[0.0, 0.0, 0.0, 0.96, 0.96, 0.0, 0.0, 0.0, 0.0, 0.0], [0.0, 0.0, 0.0, 0.0, 0.0, 0.0, 0.0, 0.0, 0.0, 1.5], [0.2, 0.2, 0.0, 0.0, 0.0, 0.0, 0.0, 0.0, 0.0, 0.0]], [[0.1, 0.1, 0.0, 0.0, 0.0, 0.0, 0.0, 0.0, 0.0, 0.0], [0.0, 0.0, -4.0, 0.0, 0.0, 0.0, 0.0, 0.0, 0.0, 0.0], [0.0, 0.0, 0.0, 0.0, 0.0, 0.01, 0.01, 0.0, 0.0, 0.0]], [[-1.7, -1.7, 0.0, 0.0, 0.0, 0.0, 0.0, 0.0, 0.0, 0.0], [0.0, 0.0, 0.0, 0.0, 0.0, 0.0, 0.0, 0.0, 0.0, 1.4], [0.0, 0.0, 7.0, 0.0, 0.0, 0.0, 0.0, 0.0, 0.0, 0.0]], [[0.0, 0.0, 0.0, 0.0, 0.0, 0.0, 0.0, 0.0, 0.0, 1.4], [0.0, 0.0, 0.0, 0.0, 0.0, 0.0, 0.0, 0.45, 0.45, 0.0], [0.0, 0.0, 1.0, 0.0, 0.0, 0.0, 0.0, 0.0, 0.0, 0.0]], [[1.6, 1.6, 0.0, 0.0, 0.0, 0.0, 0.0, 0.0, 0.0, 0.0], [0.0, 0.0, -6.0, 0.0, 0.0, 0.0, 0.0, 0.0, 0.0, 0.0], [0.0, 0.0, 0.0, 0.0, 0.0, 0.0, 0.0, 0.0, 0.0, 1.3]]];0.8134328358208955;0.9313112769485904;0.2845;[0.892, 0.9845];[0.9358333333333333, 0.9936666666666667];[0.5273333333333333, 0.887];[0.9493333333333334, 0.9945];[0.53, 0.8886666666666667]
[[[0.0, 0.0, -1.0, 0.0, 0.0, 0.0, 0.0, 0.0, 0.0, 0.0], [0.0, 0.0, 0.0, 0.0, 0.0, 0.02, 0.02, 0.0, 0.0, 0.0], [0.0, 0.0, 0.0, 0.96, 0.96, 0.0, 0.0, 0.0, 0.0, 0.0]], [[0.0, 0.0, 0.0, 0.0, 0.0, 0.0, 0.0, 0.58, 0.58, 0.0], [0.0, 0.0, 0.0, 0.0, 0.0, 0.0, 0.0, 0.0, 0.0, 0.0], [0.0, 0.0, 6.0, 0.0, 0.0, 0.0, 0.0, 0.0, 0.0, 0.0]], [[0.0, 0.0, 0.0, 0.0, 0.0, 0.0, 0.0, 0.0, 0.0, 1.0], [0.0, 0.0, 0.0, 0.0, 0.0, 0.0, 0.0, 1.29, 1.29, 0.0], [-0.6, -0.6, 0.0, 0.0, 0.0, 0.0, 0.0, 0.0, 0.0, 0.0]], [[0.0, 0.0, 0.0, 1.03, 1.03, 0.0, 0.0, 0.0, 0.0, 0.0], [0.0, 0.0, 0.0, 0.0, 0.0, 0.0, 0.0, 0.32, 0.32, 0.0], [0.0, 0.0, 0.0, 0.0, 0.0, -0.03, -0.03, 0.0, 0.0, 0.0]], [[0.0, 0.0, -2.0, 0.0, 0.0, 0.0, 0.0, 0.0, 0.0, 0.0], [0.0, 0.0, 0.0, 0.0, 0.0, 0.03, 0.03, 0.0, 0.0, 0.0], [-1.9, -1.9, 0.0, 0.0, 0.0, 0.0, 0.0, 0.0, 0.0, 0.0]]];0.8171641791044776;0.9384542288557215;0.24916666666666668;[0.884, 0.9841666666666666];[0.892, 0.986];[0.786, 0.9653333333333334];[0.8928333333333334, 0.9876666666666667];[0.3965, 0.8361666666666666]
[[[0.0, 0.0, 0.0, 0.93, 0.93, 0.0, 0.0, 0.0, 0.0, 0.0], [0.0, 0.0, 0.0, 0.0, 0.0, 0.0, 0.0, 0.0, 0.0, 1.6], [-1.6, -1.6, 0.0, 0.0, 0.0, 0.0, 0.0, 0.0, 0.0, 0.0]], [[0.0, 0.0, -2.0, 0.0, 0.0, 0.0, 0.0, 0.0, 0.0, 0.0], [0.0, 0.0, 0.0, 0.99, 0.99, 0.0, 0.0, 0.0, 0.0, 0.0], [0.0, 0.0, 0.0, 0.0, 0.0, 0.0, 0.0, 0.0, 0.0, 1.1]], [[-1.0, -1.0, 0.0, 0.0, 0.0, 0.0, 0.0, 0.0, 0.0, 0.0], [0.0, 0.0, 9.0, 0.0, 0.0, 0.0, 0.0, 0.0, 0.0, 0.0], [0.0, 0.0, 0.0, 0.0, 0.0, 0.09, 0.09, 0.0, 0.0, 0.0]], [[0.0, 0.0, 0.0, 0.0, 0.0, 0.0, 0.0, 0.55, 0.55, 0.0], [0.0, 0.0, 6.0, 0.0, 0.0, 0.0, 0.0, 0.0, 0.0, 0.0], [0.0, 0.0, 0.0, 0.0, 0.0, 0.0, 0.0, 0.0, 0.0, 1.7]], [[0.0, 0.0, 0.0, 0.0, 0.0, -0.05, -0.05, 0.0, 0.0, 0.0], [0.0, 0.0, 0.0, 0.0, 0.0, 0.0, 0.0, 1.43, 1.43, 0.0], [0.0, 0.0, 0.0, 0.0, 0.0, 0.0, 0.0, 0.0, 0.0, 1.5]]];0.8097014925373134;0.9104197346600332;0.5358333333333334;[0.187, 0.6838333333333333];[0.9503333333333334, 0.9946666666666667];[0.37916666666666665, 0.814];[0.9163333333333333, 0.99];[0.8696666666666667, 0.9825]
